city,prob
Abano Terme,0.000525247314460883
Abbasanta,7.487211958878893e-05
Abbiategrasso,0.0008322814571039081
Acate,0.00026468277336533545
Acerra,0.0015120289047829629
Aci Sant'Antonio,0.0004642709076275719
Acireale,0.0013657120976234664
Acquanegra sul Chiese,8.013282919793733e-05
Acquaviva Collecroce,1.7907668063464774e-05
Acquaviva delle Fonti,0.0005554299716123607
Acqui Terme,0.0005377082882320476
Adrano,0.0009387444035880378
Adria,0.000536990918739891
Adro,0.00018834934555178308
Afragola,0.0016917698164288667
Agira,0.0002239786969955609
Agliana,0.0004500297947462409
Agnosine,4.840915610034543e-05
Agrate Brianza,0.00039946853016942566
Agrigento,0.0015426898082625449
Ala,0.00023667879393077777
Alassio,0.00029085347520882627
Alatri,0.0007741479589987733
Alba,0.0008216537609238104
Albano Laziale,0.0010357487004718803
Albenga,0.0006317633994259131
Alberobello,0.0002888076436941574
Albignasego,0.0006413814644689016
Albino,0.0004833476222708475
Albisola Superiore,0.00027499163866003033
Alcamo,0.0011981398981037745
Ales,3.993356839671745e-05
Alessandria,0.0023765122813125673
Alghero,0.0010809695477181965
Alice Castello,7.272001111231912e-05
Alife,0.00020280301235671606
Alme,0.00014961139297532664
Altamura,0.001857216476712539
Altavilla Vicentina,0.00031412812984324043
Alzano Lombardo,0.00036067743911206876
Alzate Brianza,0.00013406838731193363
Amalfi,0.00013744268084911465
Amandola,9.796078954005137e-05
Ameglia,0.00011759545823278204
Amelia,0.00031325134490838236
Ancarano,4.995017204645961e-05
Ancona,0.0026660372944988815
Andrano,0.00013266021756807065
Andria,0.0026684019568989532
Angri,0.0008681499317117382
Anguillara Sabazia,0.0004999268283118
Annone di Brianza,6.1002976073761316e-05
Anzano di Puglia,4.0518091686622826e-05
Anzio,0.0013494251532274665
Anzola dell'Emilia,0.0003186183314793317
Aprilia,0.001817336046796722
Aradeo,0.0002579607555314236
Aragona,0.00025315172300992934
Arcevia,0.00013016270896574767
Arcisate,0.00025982060236294074
Arcola,0.0002732912072712147
Arcole,0.00016640315293988114
Arcore,0.00046158741434209726
Ardea,0.0012008765298701497
Ardenno,8.616404678014283e-05
Arese,0.0005063034460198587
Arezzo,0.0026131379367624447
Ari,3.0448349555980167e-05
Ariano Irpino,0.0005963731711461875
Arienzo,0.00014243769805376063
Arona,0.0003776817530002252
Arosio,0.00013481232604454046
Arqua Polesine,7.572233528319675e-05
Artegna,7.713050502705971e-05
Arvier,2.388574716476978e-05
Arzachena,0.0003063964808722193
Arzignano,0.0006871602657646729
Asciano,0.00019390231680588418
Ascoli Piceno,0.0013204115426557997
Asiago,0.00017107933925912416
Assemini,0.0007069277806596547
Assisi,0.0007365259145212271
Asti,0.001974625950262169
Atena Lucana,6.132180695916425e-05
Atri,0.00029292587596394535
Atripalda,0.0002890201976177594
Attigliano,5.260709609148406e-05
Augusta,0.0009584853492425695
Aulla,0.0002995416168360562
Ausonia,7.064761035720006e-05
Avella,0.0002093921839883767
Avellino,0.0014534968680710743
Aversa,0.0014032012958987614
Avetrana,0.00018502819049550251
Avezzano,0.0010956889069276318
Avio,0.00010877447040330088
Ayas,3.711722890899153e-05
Bacoli,0.0007070340576214557
Badia Polesine,0.00028569904256147885
Badolato,8.38790921014218e-05
Bagheria,0.0014419392484752178
Bagno a Ripoli,0.0006771968005958312
Bagno di Romagna,0.0001620723667464913
Bagnolo in Piano,0.00025482558515829473
Baiso,8.892724778696826e-05
Baldissero Torinese,0.00010051143662327485
Banchette,8.749250880265506e-05
Baragiano,7.078045655945128e-05
Baranzate,0.00028827625888515254
Barcellona Pozzo di Gotto,0.0011012950166626335
Bardolino,0.00018162732771787122
Bari,0.008321831509142423
Barletta,0.002515602255069597
Baronissi,0.00044689462437311206
Barrafranca,0.0003680105494763362
Barzago,6.68482089728151e-05
Basaluzzo,5.552971254101095e-05
Bascape,4.413150838785607e-05
Basiano,9.806706650185236e-05
Bassano del Grappa,0.0011458516328976935
Bassiano,4.168713826643358e-05
Bastia Umbra,0.0005835933664896199
Bastida Pancarana,2.7738287030055232e-05
Baveno,0.000129870447320795
Beinasco,0.0004826036835382406
Belfiore,8.116902957549687e-05
Bellaria-Igea Marina,0.0004977215813544298
Bellegra,7.851210553047242e-05
Bellinzago Novarese,0.00025386909250208595
Belluno,0.0009444036518039398
Bellusco,0.00019515107110704567
Belmonte Calabro,5.2713373053285035e-05
Belpasso,0.0007189370773431652
Benestare,6.546660846940239e-05
Benevento,0.0016153301116535134
Berbenno di Valtellina,0.00011392890305064831
Bergamo,0.003057375637090532
Bernalda,0.00032813011956051924
Berzo Demo,4.5034862563164384e-05
Berzo Inferiore,6.536033150760141e-05
Besozzo,0.000239202871773551
Bevagna,0.00013630020350975414
Biancavilla,0.000633277846131577
Bianzone,3.398205853586268e-05
Biassono,0.0003158551304725063
Bibbiena,0.0003265891036144051
Bibiana,9.102621778253757e-05
Biella,0.0011604115766644274
Birori,1.4772497690335928e-05
Bisacquino,0.00012649615378361394
Bisceglie,0.001458040208188066
Bitetto,0.000315058053258999
Bitonto,0.0014901358506519613
Bitritto,0.00029348383001340044
Bivona,0.0001031152221873988
Blera,8.876783234426679e-05
Bolano,0.000206814967664703
Bolgare,0.00015691793409914386
Bollengo,5.5981389628665105e-05
Bologna,0.010113182838778805
Bolognano,2.9890395506525032e-05
Bolzano,0.0027603049596163485
Bolzano Vicentino,0.00017416137115135253
Bonate Sotto,0.00017397538646820083
Bonea,3.89505065000584e-05
Borca di Cadore,2.1069407677043868e-05
Boretto,0.00014352703691222066
Borgia,0.0001998272574262887
Borgo San Lorenzo,0.0004769710045627888
Borgo Val di Taro,0.00019177677756986462
Borgo Valsugana,0.00018348717454938834
Borgomanero,0.0005684223301925303
Borgomaro,2.3301223874864403e-05
Borgorose,0.00012399864518129096
Borso del Grappa,0.00015792756523625316
Boscoreale,0.0007400861927415598
Bova Marina,0.0001103951940707658
Bovalino,0.00023439383925205674
Boves,0.0002604051256528461
Bovisio-Masciago,0.00044402514640448567
Bovolone,0.00042013939923971587
Braies,1.7482560216260866e-05
Brendola,0.00017939551152005068
Breno,0.00012989701656124523
Brenzone sul Garda,6.642310112561119e-05
Brescia,0.005008833209680088
Bressanone,0.0005558550794595646
Bresso,0.0006842376493151459
Briatico,0.00010444368420991103
Brindisi,0.0023543269655366132
Brione,1.8678176036521866e-05
Bronte,0.000510581093732348
Brugherio,0.0008894850317932846
Bruino,0.00022722014433049074
Bubbiano,6.0312175822054955e-05
Bucine,0.00026909326728007604
Budduso,0.00010473594585486372
Busalla,0.0001516837937304457
Bussero,0.0002285751755934532
Busseto,0.00018811022238773088
Bussolengo,0.0005264163610406938
Busto Arsizio,0.002113928477942801
Buttapietra,0.00018625037555621376
Caccamo,0.0002195947723212706
Cadelbosco di Sopra,0.0002792427171320694
Cagliari,0.003974094140345317
Cagnano Varano,0.0001952307788283964
Caivano,0.000995283747266158
Calatafimi-Segesta,0.0001816804661987717
Calcinate,0.00015572231827888286
Calcinato,0.0003413084628238405
Calderara di Reno,0.00035281294393879636
Caldiero,0.00020065090388024626
Calenzano,0.000449498409937236
Calimera,0.00019291925490922513
Caltagirone,0.0010165125703859032
Caltanissetta,0.0016380202429980221
Caltavuturo,0.00010885417812465161
Calusco d'Adda,0.00022041841877522815
Caluso,0.0002010228732465497
Calvanico,4.192626143048578e-05
Camaiore,0.0008639785609610498
Cameri,0.0002878777202783989
Camerota,0.0001795283577223019
Campagna Lupia,0.00018457651340784837
Campi Bisenzio,0.0011578874988216541
Campi Salentina,0.0002838923342108622
Campiglia Marittima,0.00035238783609159246
Campiglia dei Berici,4.692127863513174e-05
Campione d'Italia,5.648620519721975e-05
Campobasso,0.0012882627617110038
Campodarsego,0.00038063093869020236
Campofelice di Roccella,0.00018712716049107183
Campogalliano,0.0002293988220474108
Campolongo Maggiore,0.000276373239163443
Campomarino,0.0001894918228911436
Camponogara,0.0003469942802801928
Camporeale,9.216869512189809e-05
Candelo,0.00021111918461764258
Canicatti,0.0009403651272555027
Canino,0.0001401527433750396
Cantagallo,8.273661476206129e-05
Cantu,0.0010434272109620009
Capalbio,0.00010965125533815894
Capannori,0.0012111588259243944
Capistrello,0.00014105609755034793
Capoliveri,0.00010218529877164025
Caposele,9.35502956253108e-05
Capoterra,0.0006161141168007191
Capranica,0.00017711055684132966
Caprarola,0.00014185317476385524
Capri,0.00018736628365512403
Capri Leone,0.00012110259797221431
Capriana,1.615409819374864e-05
Capriano del Colle,0.00012437061454759438
Capriolo,0.0002472267823895248
Capua,0.0004989171971746907
Carceri,4.306873876984629e-05
Cardano al Campo,0.0003785053994541828
Carde,3.047491879643041e-05
Cariati,0.00022889400647885616
Carignano,0.0002439321965736945
Carini,0.0009689004914990653
Carlentini,0.0004778477894976469
Carmagnola,0.0007675056488862122
Carmiano,0.00031851205451753075
Carmignano,0.00037510453667655147
Carovigno,0.0004300762951681073
Carpegna,4.442377003280876e-05
Carpenedolo,0.0003415475859878927
Carpi,0.0017909793602700794
Carrara,0.001711165361957545
Carre,9.780137409734991e-05
Carru,0.0001190567664575455
Carsoli,0.000146609068804449
Cartoceto,0.0002088076606984713
Carugate,0.00038432406311278633
Casagiove,0.0003658318717594162
Casal Velino,0.00013351043326247848
Casale Monferrato,0.0009192160118571081
Casalecchio di Reno,0.0009386381266262368
Casaleone,0.00015763530359130047
Casalincontrada,8.366653817781985e-05
Casalmoro,5.972765253214958e-05
Casalnuovo di Napoli,0.0012897240699357674
Casalpusterlengo,0.00039752897561655783
Casamassima,0.0005173296808067101
Casapesenna,0.00017758880316943407
Casarano,0.000542517320753542
Casatenovo,0.00033923606206872145
Casavatore,0.0004948786726262536
Cascina,0.0011680103794331972
Caselle Torinese,0.0004950912265498555
Caselle in Pittari,5.236797292743186e-05
Caserta,0.0019891858940289035
Casier,0.00029335098381114925
Casorate Primo,0.00022554628218212535
Casoria,0.002078485111182175
Cassano d'Adda,0.0004973230427476761
Cassine,8.087676793054418e-05
Cassola,0.00037754890679797396
Cassolnovo,0.0001848953442932513
Castagneto Carducci,0.00022466949724726727
Castel Frentano,0.00011570904216081469
Castel Gandolfo,0.00023333106963404696
Castel Madama,0.00019363662440138171
Castel San Giovanni,0.00036426428657285176
Castel Volturno,0.0006123412846567844
Castel d'Azzano,0.0003130387909847804
Castel di Lama,0.00023088669951262447
Castelcovati,0.00017681829519637697
Castelfidardo,0.000501122444132061
Castelfranco Piandisco,0.0002527531844031757
Castelfranco Veneto,0.0008718696253747724
Castelfranco di Sotto,0.0003514047741949334
Castelguglielmo,4.394552370470436e-05
Castellalto,0.00019480567098119247
Castellammare di Stabia,0.001751683453644168
Castellamonte,0.00026311518817877103
Castellaneta,0.0004536697806879244
Castellarano,0.0004048089474999248
Castelli Calepio,0.0002569511243943143
Castello di Cisterna,0.00020227162754771119
Castelluccio Inferiore,5.736299013207782e-05
Castelnovo Bariano,7.728992046976117e-05
Castelnuovo Scrivia,0.0001424111288133104
Castelnuovo del Garda,0.00033692453814955015
Castelpagano,4.091663029337649e-05
Castelpetroso,4.423778534965705e-05
Castelrotto,0.00017376283254459887
Castelsardo,0.00015279970182935598
Castelvecchio Calvisio,4.197939991138627e-06
Castelvetrano,0.0008431482764480582
Castelvetro Piacentino,0.00014836263867416515
Castiglion Fiorentino,0.00035286608241969685
Castiglione d'Adda,0.0001268946923903676
Castiglione delle Stiviere,0.000600013157087871
Castiglione di Sicilia,8.754564728355555e-05
Castiraga Vidardo,7.131184136845617e-05
Castorano,6.342077695473355e-05
Castrezzato,0.00019015605390239972
Castrofilippo,7.949516742713147e-05
Castronovo di Sicilia,8.393223058232229e-05
Castrovillari,0.0005955229554517797
Catania,0.0077230936755961635
Catanzaro,0.0023663096929796732
Cattolica,0.0004407836990695558
Cattolica Eraclea,0.00010476251509531396
Caulonia,0.00018757883757872598
Cava Manara,0.00017716369532223014
Cava de' Tirreni,0.0014235267648431984
Cavalese,0.00010609097711782618
Cavallino-Treporti,0.0003554698679838208
Cavallirio,3.472599726846953e-05
Cavarzere,0.00039024900373319085
Cavriago,0.0002584921403404285
Cavriglia,0.00025352369237623275
Cazzano Sant'Andrea,4.304216952939605e-05
Cazzano di Tramigna,4.1315168900130156e-05
Ceccano,0.0006169377632546767
Cecina,0.0007446561020990019
Cefalu,0.0003824110778003687
Celenza sul Trigno,2.5745593996286895e-05
Cellole,0.00020500825931408636
Cento,0.0009417201585184651
Centuripe,0.00014868146955956808
Cepagatti,0.0002792427171320694
Ceranova,5.252738837013333e-05
Cercemaggiore,0.00010247756041659293
Cercola,0.00048111580607302696
Cerda,0.00014352703691222066
Cerea,0.00043331774250303715
Cergnago,2.0033207299484334e-05
Cerignola,0.00150955796542109
Cernobbio,0.0001807239735425629
Cernusco sul Naviglio,0.000824974915980091
Cerro Maggiore,0.000399176268524473
Certaldo,0.00042526726264661307
Certosa di Pavia,0.00013611421882660243
Cerva,3.342410448640755e-05
Cervasca,0.000129870447320795
Cerveteri,0.0009704149382047291
Cervia,0.0007674790796457618
Cervignano d'Adda,5.630022051406804e-05
Cervignano del Friuli,0.00036434399429420246
Cervinara,0.00026295577273606957
Cesano Maderno,0.000992998792587437
Cesaro,6.78047016290239e-05
Cesate,0.00037157082769666896
Cesena,0.00257679121582651
Cesenatico,0.0006824575102049795
Cessalto,0.0001022118680120905
Cherasco,0.00023386245444305187
Chiampo,0.00034322144813625814
Chianocco,4.5486539650818536e-05
Chiaravalle,0.0003941281128389265
Chiari,0.0004967385194577707
Chiavari,0.0007242509254332141
Chiavenna,0.00019507136338569494
Chienes,7.202921086061277e-05
Chieri,0.0009642774436607227
Chieti,0.0013635599891469966
Chioggia,0.0013203052656939986
Chitignano,2.428428577152345e-05
Chiuduno,0.00015638654929013898
Chiusa,0.00013738954236821416
Chiusa di Pesio,9.782794333780015e-05
Chiusa di San Michele,4.532712420811707e-05
Chiusavecchia,1.5330451739791062e-05
Chivasso,0.0006918630213243661
Ciampino,0.0009918828844885266
Cicagna,6.769842466722292e-05
Ciminna,0.0001017336216839861
Cimolais,1.134506567225439e-05
Cingoli,0.000279960086624226
Cinisello Balsamo,0.001908734233945563
Cinquefrondi,0.0001714513086254276
Cirie,0.0004889803012462993
Cisliano,0.00011881764329349329
Cisterna di Latina,0.0009552173326671893
Citta di Castello,0.001063194725856983
Cittadella,0.0005338823176072125
Civezzano,0.00010566586927062228
Cividate Camuno,7.33045344022245e-05
Civitanova Marche,0.0010765590538034558
Civitavecchia,0.001366960851924628
Civitella del Tronto,0.00014055128198179327
Cleto,3.4991689672971975e-05
Coccaglio,0.00022918626812380884
Codogne,0.00014225171337060893
Codroipo,0.0004216007074644793
Cogliate,0.0002252274512967224
Colle di Val d'Elsa,0.0005675455452576723
Colleferro,0.000574267563091584
Collegno,0.0013084288152127395
Collesalvetti,0.0004446362389348413
Colli a Volturno,3.666555182133737e-05
Colli del Tronto,9.501160385007423e-05
Cologne,0.00020152768881510433
Cologno Monzese,0.0012287742323429064
Cologno al Serio,0.00028373291876816075
Colorno,0.00023673193241167826
Colverde,0.00014156091311890256
Comacchio,0.000595894924818083
Comezzano-Cizzago,0.00010040515966147387
Comiso,0.0007782130527876607
Como,0.0022164591768402946
Concesio,0.0004005578690278857
Concordia Sagittaria,0.00028134168712763875
Concordia sulla Secchia,0.00023540347038916604
Concorezzo,0.0004104416264753766
Conegliano,0.000908668023398361
Contessa Entellina,4.90468178711513e-05
Conversano,0.0006870805580433221
Copertino,0.0006453668505364382
Corato,0.0012843305141243676
Corbetta,0.00047766180481449515
Corciano,0.0005442708906232581
Cordenons,0.0004844369611293075
Cori,0.00029252733735719166
Coriano,0.0002724409915768068
Corigliano Calabro,0.0010386713169214072
Corinaldo,0.00013467947984228924
Cormano,0.000532846117229653
Cornaredo,0.0005294718236924719
Corno Giovine,3.1325134490838235e-05
Correggio,0.0006676850125146436
Correzzola,0.00014591826855274266
Corridonia,0.0004115575345742869
Corsico,0.000919853673627914
Cortemaggiore,0.00012046493620140845
Cosenza,0.0018350045916961347
Costa Volpino,0.00024584518188611214
Costa di Mezzate,8.725338563860285e-05
Cotignola,0.0001976751489498189
Courmayeur,7.535036591689333e-05
Creazzo,0.00029406835330330586
Credaro,9.158417183199271e-05
Crema,0.0008915574325484035
Cremona,0.0019166252983592856
Crevalcore,0.00035669205304453207
Crevoladossola,0.00012530053796335294
Crocetta del Montello,0.00016103616636893177
Crotone,0.0015766718667984075
Cucciago,9.089337158028634e-05
Cugliate-Fabiasco,8.294916868566325e-05
Cuneo,0.0014798269853572665
Cupramontana,0.00012870140074098423
Curinga,0.00017825303418069017
Cusano Milanino,0.0004984123816061361
Cutro,0.0002724144223363566
Cutrofiano,0.00024244431910848082
Danta di Cadore,1.3337758706022725e-05
Darfo Boario Terme,0.00041455985874516455
Demonte,5.433409672074995e-05
Desio,0.001087664996311658
Diamante,0.0001351842954108439
Diano Marina,0.00016146127421613567
Dicomano,0.00015237459398215205
Dipignano,0.00011889735101484402
Dobbiaco,9.030884829038096e-05
Dolo,0.0003993091147267242
Domusnovas,0.00016879438458040314
Dosolo,9.161074107244295e-05
Dronero,0.00019135166972266072
Druento,0.00022642306711698342
Dubino,9.61275119489845e-05
Dueville,0.00037077375048316164
Eboli,0.0010198602946826342
Enna,0.0007406441467910149
Erba,0.0004396146524897451
Erbusco,0.00022023243409207644
Erchie,0.00023479237785881043
Ercolano,0.0014150777463800208
Erice,0.0007355959911054685
Este,0.00043786108262002893
Fabbrico,0.00017992689632905559
Faenza,0.001540298576622023
Falconara Albanese,3.6984382706740305e-05
Falconara Marittima,0.000705546180156242
Fanano,7.997341375523587e-05
Fano,0.001677023887978981
Farindola,4.168713826643358e-05
Favara,0.0008769709195412193
Favria,0.0001390102660356791
Ferentino,0.0005619394355226707
Fermignano,0.00022913312964290835
Fermo,0.0009889336987985496
Ferno,0.00018545329834270642
Ferrara,0.003502941799441132
Ferrazzano,8.720024715770236e-05
Fidenza,0.0006854066958949567
Filogaso,3.865824485510571e-05
Finale Ligure,0.00031641308452196146
Fiorano Modenese,0.0004534306575238722
Firenze,0.009725378205167038
Fiscaglia,0.00025076049136940734
Fiumicino,0.0018516635054584378
Flumeri,8.02922446406388e-05
Fluminimaggiore,7.85652440113729e-05
Foggia,0.003947471761414172
Foligno,0.0014949448831734556
Follonica,0.0005666687603228141
Fontana Liri,7.896378261812658e-05
Fontanafredda,0.000310275589977955
Fontanarosa,8.712053943635163e-05
Fontaniva,0.00021964791080217108
Fontecchio,1.0787111622799257e-05
Forano,7.938889046533049e-05
Force,3.7303213592143245e-05
Forio,0.00044383916172133393
Forli,0.003082802400201416
Formia,0.0009682096912473589
Formigine,0.0008997673278475291
Fornovo di Taro,0.00016366652117350596
Fosdinovo,0.00013236795592311797
Fossalta di Piave,0.0001120159177382307
Fossano,0.0006571635932963468
Fosso,0.00018417797480109468
Fragagnano,0.0001420125902065567
Francavilla Fontana,0.000980617526537623
Francavilla al Mare,0.0006315774147427614
Frattamaggiore,0.0007997607067928089
Frattaminore,0.0004199268453161139
Fratte Rosa,2.6648948171595207e-05
Frosinone,0.001229597878796864
Frosolone,8.494186171943158e-05
Furnari,9.769509713554893e-05
Furtei,4.447690851370925e-05
Gaeta,0.0005513117393425728
Gaggi,8.350712273511839e-05
Gaggiano,0.00023843236380049392
Gaglianico,0.00010266354509974464
Gairo,3.9455322068613045e-05
Galatina,0.0007196013083544214
Galbiate,0.0002279109445821971
Gallarate,0.0013539950625849086
Gallinaro,3.3184981322355345e-05
Gallipoli,0.0005382662422815028
Gambatesa,3.9295906625911575e-05
Gambugliano,2.239786969955609e-05
Garbagnate Milanese,0.0007042974258550805
Gattinara,0.0002177614947302037
Gavi,0.00012519426100155196
Gavirate,0.0002437462118905428
Gazzo,0.00011461970330235466
Gazzo Veronese,0.00014429754488527773
Gela,0.0020091128243665867
Genazzano,0.00015859179624750928
Genga,4.939221799700448e-05
Genova,0.015471800098986362
Genzano di Roma,0.0006338358001810321
Gessate,0.00023287939254639282
Ghilarza,0.00012120887493401529
Giarre,0.0007461439795642156
Giaveno,0.0004318830035187239
Gioia Tauro,0.000510474816770547
Girifalco,0.00016223178218919277
Gissi,7.74227666720124e-05
Giugliano in Campania,0.002935183700259858
Giulianova,0.0006180802405940372
Giussago,0.0001363799112311049
Giussano,0.0006603519021503762
Golasecca,7.024907175044639e-05
Gonnesa,0.0001360345111052517
Gorizia,0.0009440582516780867
Govone,5.834605202873686e-05
Gragnano,0.0007827563929046524
Gragnano Trebbiense,0.0001185253816485406
Grammichele,0.00034497501800597423
Grassano,0.000140630989703144
Gravina di Catania,0.0006980005158683726
Gravina in Puglia,0.0011632013469117031
Greci,1.966123793318091e-05
Gressoney-Saint-Jean,2.1653930966949246e-05
Grezzana,0.00028665553521768763
Grignasco,0.00012362667581498755
Grosseto,0.002104708951506566
Grottaferrata,0.0005160543572650984
Grottaglie,0.0008646693612127562
Gualdo Tadino,0.00041139811913158545
Gualtieri Sicamino,4.88076947070991e-05
Guardiagrele,0.00024664225909961946
Guarene,9.256723372865175e-05
Gubbio,0.0008596477747676599
Guidizzolo,0.00016427761370386157
Guidonia Montecelio,0.002210853067105293
Guspini,0.00032316167159632356
Iglesias,0.0007315043280761308
Ilbono,5.7788097979281734e-05
Imola,0.0018325867908151625
Imperia,0.0011224441320610281
Impruneta,0.0003927465123355138
Introdacqua,5.624708203316755e-05
Inveruno,0.00022788437534174686
Irsina,0.00013385583338833165
Ischia,0.0004967119502173205
Ischitella,0.00011865822785079182
Isernia,0.0005846561361076296
Isola della Scala,0.00030373955682719484
Isola di Capo Rizzuto,0.0004339022657929425
Istrana,0.0002420723497421774
Ittiri,0.00023386245444305187
Ivrea,0.0006278842903201774
Jerago con Orago,0.0001366190343951571
Jesi,0.0010725205292550187
Jesolo,0.0006531782072288102
L'Aquila,0.0018147853997134986
La Loggia,0.0002341281468475543
La Maddalena,0.0002891796130604609
La Spezia,0.002456034017980149
Lacchiarella,0.00022985049913506493
Ladispoli,0.0009956291473920112
Lagnasco,3.783459840114813e-05
Lagosanto,0.000132261678961317
Laino,1.3816005034127127e-05
Laion,6.982396390324247e-05
Laives,0.00045938216738472694
Lajatico,3.650613637863591e-05
Lallio,0.00011031548634941506
Lamezia Terme,0.001866781403274627
Lamporecchio,0.0001997741189453882
Lanciano,0.0009487078687568794
Lappano,2.5905009438988362e-05
Lariano,0.00034848215774540653
Larino,0.00018946525365069335
Lastra a Signa,0.0004983858123656858
Laterina,9.341744942305958e-05
Laterza,0.0004069344867359444
Latiano,0.0003963864982771973
Latina,0.0031730581100108965
Laureana Cilento,3.1404842212188966e-05
Laureana di Borrello,0.00013935566616153226
Lauria,0.00034874785014990897
Laurino,4.381267750245314e-05
Lavagna,0.00033115901297184715
Lavagno,0.00022060440345837988
Lavis,0.00023322479267224599
Lazise,0.00017960806544365263
Lazzate,0.00020487541311183514
Lecce,0.0023805508058610046
Lecco,0.001255130918869549
Legnago,0.0006615740872110874
Legnano,0.0015499166416650114
Leini,0.0004220523845521335
Lentiai,8.015939843838758e-05
Lentini,0.0006389370943474792
Lercara Friddi,0.00018335432834713712
Lerici,0.00026372628070912667
Lesmo,0.00022036528029432766
Lettere,0.00016337425952855328
Levanto,0.0001464230841212973
Licata,0.001011145583814954
Lignano Sabbiadoro,0.00017578209481881744
Limbiate,0.0009131847942749026
Limena,0.00020739949095460836
Limone Piemonte,3.897707574050864e-05
Lipomo,0.0001547392563822238
Lissone,0.0011845895854741498
Livorno,0.004171317612207482
Locatello,2.178677716920047e-05
Locorotondo,0.0003788242303395857
Locri,0.0003319826594258047
Lodi,0.001154832036169876
Lonato del Garda,0.00041936889126665877
Longarone,0.00014573228386959095
Longiano,0.0001852673136595547
Lonigo,0.0004215209997431286
Loreggia,0.0001986316416060277
Loreto Aprutino,0.00020057119615889552
Loro Ciuffenna,0.00015667881093509167
Lucca,0.0023274123249605156
Lugo,0.0008506408022550271
Luino,0.0003784522609732823
Lumezzane,0.0006195946872997011
Lungro,6.621054720200923e-05
Lurate Caccivio,0.0002623712494461642
Lusevera,1.8199929708417463e-05
Macchia Valfortore,1.6127528953298395e-05
Macerata,0.0011168645915664768
Macerata Campania,0.00027908330168936794
Macomer,0.0002773031625792016
Madone,0.00010502820749981641
Madruzzo,7.739619743156215e-05
Maenza,8.170041438450176e-05
Magenta,0.0006092326835241058
Magione,0.000389717618924186
Magliano Sabina,0.00010335434535145101
Magliano di Tenna,3.8551967893304733e-05
Maglie,0.0003889471109511289
Maiolati Spontini,0.00016704081471068702
Malagnino,4.2723338643993114e-05
Malalbergo,0.000235616024312768
Malgrate,0.00011190964077642972
Malnate,0.00044660236272815935
Manduria,0.0008181997596652786
Manfredonia,0.0014954496987420103
Manocalzati,8.494186171943158e-05
Manoppello,0.0001872865759337733
Mantova,0.0012546792417818947
Manziana,0.00019313180883282708
Mapello,0.00017564924861656622
Maracalagonis,0.00020171367349825604
Maranello,0.00045170365689460633
Marano Vicentino,0.00025841243261907773
Marano di Napoli,0.0015197605537539838
Marchirolo,9.118563322523904e-05
Marcianise,0.0010640183723109404
Marcon,0.00044086340679090657
Marebbe,7.80869976832685e-05
Marene,8.122216805639736e-05
Mareno di Piave,0.0002593954945157368
Mariano Comense,0.000628814213735936
Marigliano,0.0007996012913501075
Marino,0.001043852318809205
Marmirolo,0.00020856853753441912
Marnate,0.00019884419552962965
Marone,8.80504628521102e-05
Marostica,0.00036915302681569674
Marrubiu,0.00012995015504214572
Marsala,0.0021411353801638515
Marsciano,0.0004999533975522503
Marsicovetere,0.00014400528324032505
Marta,9.309861853765664e-05
Martellago,0.000569697653734142
Martina Franca,0.001300776873963069
Marzabotto,0.00017782792633348627
Mascali,0.00036840908808308986
Masone,9.963465168841677e-05
Massa,0.0018338621143567742
Massa Lubrense,0.0003742808902225939
Massa Martana,0.00010088340598957826
Massa d'Albe,3.9083352702309624e-05
Massa e Cozzile,0.0002070540908287552
Massafra,0.0008647756381745572
Massarosa,0.0005917501233078449
Matera,0.0015943935501787207
Mathi,0.00010377945319865491
Mazzarino,0.0003251012261491914
Meda,0.0006177614097086343
Mede,0.00018383257467524151
Medesano,0.0002860975811682325
Meldola,0.0002679507899407155
Melegnano,0.00045173022613505655
Melendugno,0.00025705740135611527
Melfi,0.0004662104621804398
Melilli,0.00035395542127815687
Melito di Napoli,0.000983221312101747
Melizzano,4.9737618122857656e-05
Melzo,0.0004841978379652553
Mendicino,0.00025004312187725073
Mentana,0.0005624442510912252
Mercallo,4.888740242844983e-05
Mercato San Severino,0.0005891994762246215
Mereto di Tomba,7.16838107347596e-05
Mesagne,0.0007339486981975534
Mesoraca,0.00017641975658962331
Messina,0.006436850176159378
Mestrino,0.00029337755305159946
Meta,0.00021218195423565236
Mezzana,2.3487208558016117e-05
Mezzana Rabattone,1.3178343263321259e-05
Mezzolombardo,0.00018454994416739813
Miane,9.025570980948048e-05
Miasino,2.308866995126245e-05
Milano,0.033533064941494
Milazzo,0.000846496000744789
Mineo,0.00013717698844461221
Minerbio,0.00023282625406549233
Mira,0.0010279639130199587
Mirandola,0.0006319493841090648
Misilmeri,0.000737163576292033
Missaglia,0.00023184319216883328
Misterbianco,0.0012654397841642439
Mistretta,0.0001314380325073594
Modena,0.004765272982472697
Modica,0.001437714739243629
Modugno,0.0009982860714370357
Mogliano,0.00012758549264207396
Moimacco,4.405180066650534e-05
Mola di Bari,0.0006849550188073025
Moltrasio,4.312187725074678e-05
Mombaruzzo,3.060776499868164e-05
Monastir,0.00012123544417446553
Moncalieri,0.001480438077887622
Monchiero,1.543672870159204e-05
Mondovi,0.0005918829695100962
Monopoli,0.0012860309455131832
Monreale,0.0010245630502423275
Monselice,0.0004665824315467432
Monsummano Terme,0.0005548720175629056
Montagnana,0.0002497774294727483
Montalbano Jonico,0.00019706405641946325
Montale,0.00028253730294789975
Montalto Uffugo,0.0004978809967971312
Montazzoli,2.707405601879912e-05
Monte Argentario,0.00033089332056734466
Monte Marenzo,5.295249621733724e-05
Monte San Biagio,0.0001639322135780084
Monte San Giusto,0.00021640646346724124
Monte Sant'Angelo,0.0003451344334486757
Monte Urano,0.00022190629624044186
Montebello Vicentino,0.00017378940178504912
Montebelluna,0.0008195282216877908
Montecatini-Terme,0.0005165326035932029
Montecchio Emilia,0.00027581528511398787
Montecchio Maggiore,0.0006237394888099392
Montecilfone,3.7064090428091044e-05
Montecorvino Pugliano,0.00027190960676780194
Montefiore Conca,5.885086759729151e-05
Monteforte Irpino,0.0002992493551911035
Montegranaro,0.000349730912046568
Montelabbate,0.00018176017392012244
Montelibretti,0.00014007303565368888
Montelupo Fiorentino,0.00036522077922906054
Montemurlo,0.00048350703771354896
Monteroni di Lecce,0.000371464550734868
Monterosso al Mare,3.913649118321011e-05
Monterotondo,0.0010543471687870516
Montesarchio,0.00035201586672528904
Montescaglioso,0.00026813677462386726
Montescudo - Monte Colombo,0.0001800597425313068
Montesilvano,0.0013662966209133719
Montichiari,0.0006452871428150876
Montopoli di Sabina,0.00011273328723038731
Montorio al Vomano,0.0002188242643482135
Monza,0.0031999993198274443
Monzambano,0.00012854198529828277
Morazzone,0.00011382262608884733
Morbegno,0.0003183526390748293
Morbello,1.1026234786851457e-05
Moriago della Battaglia,7.40750423752816e-05
Moricone,7.216205706286399e-05
Mornago,0.00013088007845790428
Mortara,0.0004116903807765381
Mosciano Sant'Angelo,0.00024704079770637314
Moscufo,8.690798551274968e-05
Motta di Livenza,0.00028625699661093395
Motteggiana,6.87611942852327e-05
Mottola,0.00042848214074109266
Mozzate,0.00022150775763368817
Muggia,0.0003482430345813543
Muggio,0.0006228627038750812
Mugnano di Napoli,0.0009187111962885535
Murisengo,3.844569093150375e-05
Muro Leccese,0.00013430751047598582
Mussolente,0.00020349381260842243
Napoli,0.025481283192287863
Nardo,0.0008440516306233664
Narni,0.0005279308077463577
Naro,0.0002137495394222168
Naturno,0.00014942540829217493
Nave,0.0002925007681167414
Negrar,0.00044718688601806477
Nereto,0.0001363267727502044
Nichelino,0.001266210292137301
Niella Belbo,1.0308865294694856e-05
Niscemi,0.0007422383012180297
Nissoria,7.864495173272364e-05
Nizza Monferrato,0.0002777282704264055
Nocera Inferiore,0.0012295181710755133
Nocera Superiore,0.0006443837886397792
Nogaredo,5.0694110779066455e-05
Noicattaro,0.0006868148656388196
Nola,0.0008988108351913203
Nole,0.00018316834366398542
Norma,0.00010731316217853743
Noto,0.0006270340746257696
Nova Siri,0.0001777216493716853
Novara,0.00270828238681477
Novara di Sicilia,3.6904674985389574e-05
Novate Milanese,0.000535237348870175
Nove,0.0001350248799681424
Noventa Vicentina,0.00023580200899591972
Novi Ligure,0.0007487743343687897
Nuoro,0.0009665623983394437
Nuvolento,0.00010712717749538572
Oderzo,0.0005389570425332091
Odolo,5.640649747586902e-05
Offida,0.00013712384996371173
Oggiono,0.00023553631659141726
Olbia,0.001464788795262428
Olgiate Comasco,0.00030328787973954067
Olgiate Molgora,0.0001665094299016821
Olgiate Olona,0.0003270673499425095
Oliveto Citra,0.00010199931408848853
Olmedo,0.00010733973141898767
Omegna,0.0004154366436800226
Oratino,4.298903104849556e-05
Orbetello,0.00039144461955345185
Oria,0.00040435727041227064
Oristano,0.0008261705318003519
Orroli,6.262369974122623e-05
Orsara di Puglia,7.540350439779382e-05
Orsenigo,7.295913427637133e-05
Orsogna,0.00010561273078972179
Orta di Atella,0.0006825903564072308
Orte,0.00023354362355764894
Orvieto,0.0005592293729967456
Orvinio,1.158418883630659e-05
Osimo,0.0009142741331333626
Osnago,0.00012896709314548667
Ossi,0.0001560411491642858
Ossona,0.00011196277925733021
Ostra,0.00018013945025265754
Ostuni,0.000842484045436802
Otranto,0.0001498239468989286
Ottaviano,0.000624802258427949
Oulx,8.55529542497872e-05
Ovindoli,3.19627962616441e-05
Ozieri,0.00028785115103794863
Ozzano dell'Emilia,0.00034842901926450604
Pabillonis,7.806042844281826e-05
Pace del Mela,0.0001692992001489578
Paceco,0.0003051477265710578
Pacentro,3.151111917398995e-05
Padenghe sul Garda,0.00011520422659226004
Paderno Dugnano,0.0012430419144646876
Padova,0.005506342237110916
Paesana,7.537693515734358e-05
Pagani,0.0009166387955334344
Pago Veiano,6.634339340426045e-05
Paitone,5.730985165117733e-05
Palagano,6.140151468051498e-05
Palagianello,0.000208010583484964
Palagiano,0.0004280570328938887
Palazzo Adriano,5.8452328990537844e-05
Palazzo Pignano,0.00010330120687055052
Palermo,0.01740250709478428
Palmi,0.0004966322424959697
Palo del Colle,0.0005753303327095938
Palombara Sabina,0.0003269610729807085
Pancalieri,5.343074254544164e-05
Panicale,0.00015062102411243593
Pantelleria,0.00020195279666230826
Paola,0.0004300231566872068
Parabiago,0.0007098238278687314
Parete,0.00029353696849430093
Parma,0.0047217259973747466
Partinico,0.0008414478450592425
Pastrengo,7.851210553047242e-05
Paterno,0.0012695048779531313
Patti,0.0003565857760827311
Paularo,7.152439529205812e-05
Pavia,0.0018150245228775509
Pavia di Udine,0.0001527465633484555
Pavullo nel Frignano,0.0004589836287779733
Peccioli,0.0001304284013702501
Pedara,0.00034885412711170994
Pedrengo,0.00015798070371715364
Pelago,0.0001998272574262887
Perarolo di Cadore,9.990034409291923e-06
Pergine Valsugana,0.0005499832773200607
Pergola,0.000173125170773793
Persico Dosimo,9.203584891964685e-05
Perugia,0.004330414224023546
Pesaro,0.0025138486851998807
Pescara,0.0031110189335595757
Peschiera Borromeo,0.0005982064487372544
Peschiera del Garda,0.0002484755366906863
Pescia,0.0005159746495437477
Pescina,0.00011190964077642972
Pescosansonesco,1.3762866553226637e-05
Pessano con Bornago,0.0002406376107578642
Pessina Cremonese,1.7535698697161353e-05
Petrona,7.149782605160788e-05
Piacenza,0.0026793219147240037
Piadena,9.657918903663866e-05
Pianezze,5.542343557920997e-05
Piano di Sorrento,0.00034574552597903133
Piazza Armerina,0.0005856391980042887
Picerno,0.00016114244333073274
Pico,7.917633654172853e-05
Piedimonte San Germano,0.00017222181659848468
Piedimulera,4.022583004167014e-05
Pietra Ligure,0.0002313649458407289
Pietradefusi,6.222516113447255e-05
Pietragalla,0.00011185650229552923
Pietrasanta,0.0006355628008102981
Pieve Fosciana,6.360676163788528e-05
Pieve di Cadore,0.00010510791522116714
Pieve di Cento,0.00018497505201460203
Pieve di Soligo,0.00032249744058506744
Piglio,0.0001236001065745373
Pinasca,8.010625995748709e-05
Pincara,3.342410448640755e-05
Pinerolo,0.0009247689831112092
Pineto,0.0003899301728477879
Pino Torinese,0.00022660905180013513
Pino d'Asti,6.004648341755251e-06
Pioltello,0.0009503817309052449
Piombino,0.0009118563322523904
Piossasco,0.00048478236125516067
Pisa,0.0022919423889594392
Pisticci,0.0004619328144679504
Pistoia,0.002362111752988535
Piubega,4.724010952053467e-05
Pizzo,0.00023864491772409587
Poggibonsi,0.0007762469289943426
Poggio Moiano,7.428759629888355e-05
Poggio Rusco,0.00017238123204118614
Poggiomarino,0.0005675721144981225
Pogliano Milanese,0.0002168050020739949
Poli,6.485551593904676e-05
Polia,2.779142551095572e-05
Policoro,0.00043379598883114154
Polignano a Mare,0.0004681765859737579
Polistena,0.00028314839547825533
Pomarance,0.00015901690409471318
Pomezia,0.0015300428498082285
Pomigliano d'Arco,0.0010610160481400628
Pompei,0.0006754166614856648
Pontassieve,0.0005439520597378551
Ponte Nossa,5.0162725970061564e-05
Ponte San Nicolo,0.00035594811431192524
Ponte nelle Alpi,0.00022270337345394917
Pontecagnano Faiano,0.0006711655830136257
Pontecorvo,0.00035201586672528904
Pontedera,0.0007505544734789562
Ponti,1.5808698067895462e-05
Ponti sul Mincio,6.172034556591791e-05
Pontinia,0.00037837255325193155
Poppi,0.00016472929079151575
Porcia,0.00040717360989999654
Portici,0.001469544689303022
Porto Cesareo,0.00014631680715949632
Porto Empedocle,0.0004466289319686096
Porto Recanati,0.00031128522111506426
Porto Sant'Elpidio,0.0006802522632476093
Portogruaro,0.0006707404751664218
Portula,3.613416701233249e-05
Potenza,0.0017643304120984844
Pozza di Fassa,5.7761528738831484e-05
Pozzallo,0.0005102622628469451
Pozzuoli,0.0021471134592651563
Pozzuolo Martesana,0.00021760207928750224
Praia a Mare,0.0001750912945671111
Prasco,1.4506805285833482e-05
Prata Sannita,4.115575345742869e-05
Prato,0.004972672473427305
Prato allo Stelvio,8.866155538246582e-05
Prevalle,0.0001835137437898386
Provaglio d'Iseo,0.00019376947060363296
Prunetto,1.235469680936368e-05
Pulfero,2.7100625259249363e-05
Putignano,0.0007162270148172403
Qualiano,0.0006605644560739782
Quarona,0.00011066088647526823
Quarrata,0.0006761340309778213
Quarto,0.0010536032300544446
Quartu Sant'Elena,0.001845047764586327
Quartucciu,0.0003439919561093152
Quattro Castella,0.00034994346597016997
Quindici,4.649617078792783e-05
Quingentole,3.17236730975919e-05
Quinto Vicentino,0.00015319824043610964
Quistello,0.00014969110069667737
Raffadali,0.0003402988316867312
Ragogna,7.880436717542511e-05
Ragusa,0.0018549580912742682
Randazzo,0.00029295244520439556
Rapallo,0.000776193790513442
Rapolano Terme,0.00013606108034570194
Rapolla,0.00011690465798107569
Ravenna,0.0040993149705873195
Realmonte,0.00011807370456088645
Recanati,0.0005691928381655873
Recco,0.00026454992716308425
Regalbuto,0.00019613413300370472
Reggio di Calabria,0.004800689779992873
Reggio nell'Emilia,0.004355442448527676
Renate,0.0001110594250820219
Rende,0.0008968712806384525
Renon,0.00020445030526463124
Rescaldina,0.00037228819718882557
Resuttano,5.648620519721975e-05
Rezzoaglio,2.7844563991856208e-05
Rho,0.001333722732121372
Ribera,0.0005116172941099076
Riccia,0.000143022221343666
Riese Pio X,0.00029348383001340044
Riesi,0.0003102224514970545
Rieti,0.0012528193949503776
Rimini,0.0038188234991540886
Rionero in Vulture,0.00035632008367822866
Ripabottoni,1.4028558957729083e-05
Ripalta Cremasca,9.123877170613953e-05
Riposto,0.00037707066046986957
Riva del Garda,0.0004264894477073243
Rivanazzano Terme,0.00013890398907387812
Rivello,7.45001502224855e-05
Rivergaro,0.0001851344674573035
Rivignano Teor,0.00016908664622535585
Rivoli,0.0012954098873921196
Rizziconi,0.00020878109145802107
Robecco sul Naviglio,0.00018271666657633124
Rocca Imperiale,8.759878576445604e-05
Rocca Massima,2.975754930427381e-05
Rocca de' Baldi,4.4981724082263896e-05
Rocca di Botte,2.2158746535503893e-05
Rocca di Papa,0.00042340741581509594
Roccaforte Mondovi,5.6433066716319264e-05
Roccalumera,0.00010874790116285063
Roccapiemonte,0.00024178008809722473
Roccasecca,0.00019836594920152526
Rodello,2.606442488168983e-05
Rodengo Saiano,0.00024047819531516275
Roggiano Gravina,0.00019055459250915337
Rolo,0.0001089073166055521
Roma,0.07011202760820402
Romano Canavese,7.651941249670409e-05
Romano di Lombardia,0.0005146727567616857
Rombiolo,0.00012253733695652752
Ronciglione,0.00022506803585402093
Rosarno,0.0003908335270230962
Rosate,0.00014307535982456649
Rosciano,0.00010069742130642656
Rosignano Marittimo,0.0008389237672164693
Rosolina,0.00017344400165919592
Rosolini,0.0005706807156308011
Rossano,0.000969299030105819
Rossano Veneto,0.00021276647752555775
Rotondella,7.040848719314785e-05
Rovato,0.0004899899323834086
Roveredo di Gua,4.096976877427698e-05
Roveredo in Piano,0.00015505808726762676
Rovereto,0.0010133774000127744
Rovigo,0.0013275320990964652
Rozzano,0.0010788971469630774
Rubano,0.00042340741581509594
Rudiano,0.00015322480967655988
Ruffano,0.0002619727108394105
Rufina,0.00019701091793856277
Russi,0.00032401188729073137
Ruvo di Puglia,0.0006800131400835571
Sabaudia,0.0005218995901641522
Saint-Nicolas,8.369310741827009e-06
Saint-Pierre,8.265690704071056e-05
Salerno,0.0035051470463985024
Salisano,1.4799066930786172e-05
Salizzole,9.960808244796653e-05
Salsomaggiore Terme,0.0005243439602855747
Samarate,0.0004291198025118985
Sambuca di Sicilia,0.00015984055054867077
San Basilio,3.395548929541244e-05
San Benedetto Po,0.00020338753564662145
San Benedetto Val di Sambro,0.0001163732731720708
San Benedetto del Tronto,0.001247744670024381
San Biagio Platani,9.214212588144783e-05
San Biagio di Callalta,0.0003471536957228943
San Bonifacio,0.0005474591994772874
San Cesareo,0.000376247014015912
San Cesario di Lecce,0.00022206571168314332
San Cipirello,0.00014509462209878507
San Daniele del Friuli,0.00021683157131444515
San Dona di Piave,0.0010952106605995274
San Donato Milanese,0.0008288540250858266
San Fele,8.252406083845934e-05
San Felice a Cancello,0.0004554233505576405
San Fior,0.0001824509741718288
San Fratello,0.0001023978526952422
San Gavino Monreale,0.000234420408492507
San Gennaro Vesuviano,0.0002975489238022879
San Gimignano,0.0002037860742533751
San Ginesio,9.54632809377284e-05
San Giorgio Ionico,0.0004112918421697845
San Giorgio Lucano,3.3716366131360236e-05
San Giorgio a Cremano,0.001196997420764414
San Giorgio di Piano,0.00022023243409207644
San Giorgio su Legnano,0.00017998003480995607
San Giovanni Lupatoto,0.0006516106220422457
San Giovanni Rotondo,0.0007308135278244245
San Giovanni in Fiore,0.00047160401799183944
San Giovanni in Marignano,0.00024260373455118228
San Giovanni in Persiceto,0.0007220722477162941
San Giuliano Terme,0.0008254000238272949
San Giuseppe Vesuviano,0.00073466606768971
San Gregorio Magno,0.00011701093494287666
San Gregorio di Catania,0.0003111258056723628
San Lazzaro di Savena,0.0008360277200073926
San Leo,7.891064413722609e-05
San Luca,0.00010582528471332374
San Marco Argentano,0.00019815339527792328
San Martino Buon Albergo,0.0003850148633644927
San Martino di Venezze,0.00010824308559429599
San Martino in Rio,0.00020952503019062792
San Marzano di San Giuseppe,0.0002454200740389082
San Maurizio Canavese,0.00025745593996286895
San Mauro Torinese,0.0005040184913411377
San Miniato,0.0007313714818738796
San Nazario,4.628361686432587e-05
San Nicola Arcella,4.7293248001435166e-05
San Nicola da Crissa,3.650613637863591e-05
San Pancrazio Salentino,0.0002719627452487024
San Paolo d'Argon,0.00014586513007184217
San Paolo di Civitate,0.00015689136485869362
San Pietro a Maida,0.00011430087241695172
San Pietro in Lama,9.580868106358158e-05
San Polo d'Enza,0.0001583792423239073
San Prisco,0.0003202921936276971
San Quirino,0.00011554962671811323
San Salvo,0.0005221652825686547
San Sebastiano al Vesuvio,0.0002435070887264906
San Sebastiano da Po,5.154432647347428e-05
San Severo,0.0014459246345427546
San Sperate,0.00021366983170086607
San Stino di Livenza,0.0003461972030666855
San Tammaro,0.00013643304971200539
San Teodoro,0.0001230155832846319
San Valentino Torio,0.0002831749647187056
San Vendemiano,0.000268003928421616
San Vero Milis,6.652937808741217e-05
San Vito,0.0001004848673828246
San Vito al Tagliamento,0.0004015143616840945
San Vito di Leguzzano,9.501160385007423e-05
San Vittore Olona,0.00021927594143586763
San Zenone degli Ezzelini,0.00019560274819469981
Sanarica,3.9375614347262313e-05
Sandigliano,7.325139592132401e-05
Sannazzaro de' Burgondi,0.00014692789968985195
Sanremo,0.001433038552924386
Sansepolcro,0.0004256126627724662
Sant'Agata Bolognese,0.00019007634618104896
Sant'Agata Li Battiati,0.000254958431360546
Sant'Ambrogio di Valpolicella,0.00030451006480025194
Sant'Anastasia,0.0007353568679414163
Sant'Angelo Lodigiano,0.000341361601304741
Sant'Angelo Romano,0.00012155427505986847
Sant'Angelo del Pesco,9.91032668794119e-06
Sant'Angelo in Vado,0.00011042176331121604
Sant'Antimo,0.0009110858242793332
Sant'Antioco,0.00030368641834629435
Sant'Antonino di Susa,0.00011491196494730735
Sant'Antonio Abate,0.0005204117126989385
Sant'Arcangelo,0.00017299232457154178
Sant'Elpidio a Mare,0.0004516239491732556
Sant'Omero,0.00014118894375259915
Santa Cesarea Terme,8.026567540018855e-05
Santa Croce sull'Arno,0.0003784788302137325
Santa Margherita d'Adige,6.142808392096522e-05
Santa Maria Capua Vetere,0.0008606042674238688
Santa Maria a Monte,0.0003505014200196251
Santa Maria della Versa,6.575887011435507e-05
Santa Maria di Sala,0.00046421776914667143
Santa Ninfa,0.0001347857568040902
Santa Sofia,0.00011153767141012631
Santa Teresa di Riva,0.0002473330593513258
Santarcangelo di Romagna,0.0005606375427406086
Santena,0.0002871603507862423
Santeramo in Colle,0.000710541197360888
Santhia,0.00023271997710369135
Santi Cosma e Damiano,0.00018385914391569176
Santopadre,3.746262903484471e-05
Saponara,0.00010911987052915406
Sarentino,0.00018468279036964934
Sarezzo,0.00036152765480647656
Sarno,0.0008244966696519865
Saronno,0.0010335965919954105
Sarteano,0.00012463630695209684
Sarzana,0.0005768182101748076
Sassari,0.0033390095858631236
Sassuolo,0.0010597938630793515
Sava,0.00043422109667834544
Savignano sul Rubicone,0.0004686016938209618
Savoca,4.662901699017905e-05
Savona,0.0016143470497568542
Scafati,0.0013324474085797604
Scalea,0.00027411485372517226
Scandiano,0.0006661174273280792
Scandicci,0.0013184719881029318
Scandriglia,7.899035185857682e-05
Scanzorosciate,0.0002640451115945296
Scarlino,0.00010117566763453096
Schio,0.001042125318179939
Sciara,7.455328870338599e-05
Scilla,0.00013452006439958777
Scordia,0.00045574218144304345
Sedico,0.00026516101969343984
Sedriano,0.00030690129644077394
Sedrina,6.578543935480531e-05
Segni,0.00024244431910848082
Segrate,0.0008936829717844231
Sellia Marina,0.0001896778075742953
Selva dei Molini,3.884422953825742e-05
Selva di Progno,2.452340893557565e-05
Senago,0.0005611689275496135
Senigallia,0.0011926400653305739
Senis,1.2726666175667103e-05
Senise,0.00018803051466638015
Sennori,0.00019674522553406033
Seregno,0.0011575686679362513
Sermoneta,0.0002509730452930093
Serra San Quirico,7.827298236642022e-05
Serra de' Conti,9.923611308166312e-05
Serramanna,0.0002453669355580077
Serrastretta,8.526069260483452e-05
Serravalle Pistoiese,0.000307671804413831
Sessa Aurunca,0.0005861174443323931
Sesto Calende,0.0002915708447009829
Sesto Fiorentino,0.0012805045434995325
Sesto San Giovanni,0.0020402785434147233
Sestola,6.761871694587219e-05
Sestri Levante,0.0004926734256688833
Sestu,0.0005325538555847003
Settimo San Pietro,0.00017519757152891207
Settimo Torinese,0.0012475321161007791
Seveso,0.0006104282993443668
Sezze,0.0006484223131882164
Siano,0.000265718973742895
Sicignano degli Alburni,9.046826373308244e-05
Siderno,0.0004507471642383975
Siena,0.0014050611427302785
Signa,0.00048531374606416555
Silea,0.00026696772804405647
Siliqua,0.00010505477674026666
Silvi,0.00041028221103267515
Sinalunga,0.0003314778438572501
Sinnai,0.00044774484006751986
Siracusa,0.0031522809639788056
Sirmione,0.0001986316416060277
Sogliano Cavour,0.0001067020696481818
Solaro,0.000372660166555129
Solbiate Arno,0.00011390233381019807
Solferino,6.88143327661332e-05
Solofra,0.00033046821272014076
Somma Lombardo,0.000460258952319585
Somma Vesuviana,0.0009147789487019173
Sona,0.00045364321144747416
Sonnino,0.00019549647123289884
Sorbo Serpico,1.556957490384326e-05
Sordio,8.496843095988183e-05
Soresina,0.00023899031784994904
Sorga,8.353369197556863e-05
Sorisole,0.0002441713197377467
Sormano,1.687146768590524e-05
Sorso,0.00038230480083856775
Sortino,0.00023479237785881043
Sospirolo,8.563266197113794e-05
Sossano,0.0001175688889923318
Soverato,0.00023123209963847767
Sovicille,0.00026755225133396184
Sovico,0.00021794747941335541
Sovizzo,0.0001926535625047227
Spezzano Albanese,0.00018840248403268357
Spezzano della Sila,0.00011916304341934647
Spilamberto,0.000329405443102131
Spinazzola,0.0001780936187379887
Spinea,0.0007207172164533316
Spinete,3.645299789773542e-05
Spoleto,0.00101289915368467
Spongano,9.955494396706604e-05
Spotorno,0.00010207902180983926
Squinzano,0.0003857322328566493
Staranzano,0.00019180334681031486
Stornara,0.00014647622260219778
Storo,0.0001240252144217412
Strambino,0.0001687678153399529
Strangolagalli,6.618397796155898e-05
Subbiano,0.00016765190724104262
Succivo,0.00022023243409207644
Susa,0.00017541012545251402
Sutri,0.00017681829519637697
Suvereto,8.313515336881496e-05
Taggia,0.00037228819718882557
Taino,9.979406713111825e-05
Taranto,0.005280052016196184
Tarquinia,0.0004316173111142215
Tassarolo,1.745599097581062e-05
Taurianova,0.00040823637951800635
Taurisano,0.00033397535245957306
Tavarnelle Val di Pesa,0.00020697438310740446
Tavazzano con Villavesco,0.00016658913762303284
Taviano,0.0003282629657627705
Teano,0.00033195609018535447
Tempio Pausania,0.00037125199681126603
Teolo,0.00023736959418248414
Teramo,0.0014447555879629438
Terento,4.596478597892294e-05
Terlizzi,0.0007166786919048945
Terme Vigliatore,0.00019262699326427245
Termini Imerese,0.0006949716224570447
Terni,0.002906196658928641
Terno d'Isola,0.00020713379855010592
Terracina,0.0011854132319281075
Terralba,0.00027770170118595526
Terranova dei Passerini,2.4045162607471248e-05
Terricciola,0.00012078376708681137
Tesimo,4.9737618122857656e-05
Teverola,0.000365273917709961
Thiene,0.0006211091340053651
Tivoli,0.001407718066775303
Todi,0.0004522616109440614
Toirano,7.194950313926204e-05
Tolentino,0.0005415076896164326
Tollo,0.00010712717749538572
Tolmezzo,0.00028057117915458165
Torchiarolo,0.00014358017539312115
Torino,0.023170795473494155
Toritto,0.00022788437534174686
Toro,3.79940138438496e-05
Torre Annunziata,0.0011554962671811323
Torre Boldone,0.00022530715901807315
Torre d'Isola,6.397873100418869e-05
Torre de' Roveri,6.222516113447255e-05
Torre del Greco,0.0022685348881227737
Torreano,5.823977506693589e-05
Tortona,0.0006995415318144868
Tortora,0.00016023908915542443
Tortoreto,0.00028615071964913297
Tradate,0.0004859248385945212
Trani,0.0014821916477573383
Trapani,0.0018324008061320106
Trasacco,0.00016597804509267723
Trasaghis,6.087012987151009e-05
Travaco Siccomario,0.00011794085835863523
Travagliato,0.00036192619341323025
Trecase,0.00024031877987246126
Trecastagni,0.0002816605180130417
Trecate,0.0005321287477374964
Trento,0.0030698100416212465
Trentola Ducenta,0.000477422681650443
Trescore Balneario,0.0002558086470549538
Trescore Cremasco,7.705079730570898e-05
Treviglio,0.0007642642015512824
Treviso,0.0021909527060080597
Trezzano sul Naviglio,0.0005370440572207916
Trezzo sull'Adda,0.000318538623757981
Tribiano,9.091994082073659e-05
Tricase,0.0004675920626838525
Tricesimo,0.00020219191982636045
Trichiana,0.0001295781856758423
Triei,2.999667246832601e-05
Trieste,0.005344349578085775
Trinitapoli,0.00038265020096442094
Trivignano Udinese,4.4742600918211695e-05
Trofarello,0.0002951311229213156
Troina,0.0002545598927537923
Tromello,0.00010242442193569245
Tufo,2.3859177924319537e-05
Turi,0.00034441706395651914
Tuscania,0.00021592821713913685
Udine,0.002624509571675149
Umbertide,0.00044179333020666513
Urbania,0.00018933240744844213
Urbino,0.00041091987280348106
Uscio,6.071071442880863e-05
Uta,0.00021300560068960995
Val Brembilla,0.00011982727443060258
Val della Torre,0.00010255726813794367
Valdaora,8.263033780026031e-05
Valderice,0.00032263028678731863
Valeggio sul Mincio,0.0003908866655039967
Valenza,0.0005163466189100511
Valenzano,0.00047378269570875944
Valfabbrica,9.174358727469417e-05
Valfurva,7.160410301340885e-05
Valganna,4.224509231588871e-05
Vallecrosia,0.00018593154467081083
Vallefoglia,0.0003992294070053735
Vallelaghi,0.00013401524883103314
Valmadrera,0.00031248083693532526
Valmontone,0.00040172691560769647
Valva,4.519427800586585e-05
Vanzago,0.00023604113215997192
Vaprio d'Adda,0.0002233676044652053
Varano Borghi,6.525405454580043e-05
Varapodio,5.924940620404518e-05
Varedo,0.00034324801737670835
Varese,0.002107817552639245
Varisella,2.1760207928750225e-05
Vasanello,0.00011111256356292239
Vasto,0.0010434006417215508
Vazzola,0.00018656920644161669
Vecchiano,0.0003278909963964671
Vedelago,0.0004384456059099343
Veduggio con Colzano,0.00011823312000358791
Venafro,0.00029962132455740696
Venaria Reale,0.0009098370699781717
Venezia,0.006888420986851733
Venosa,0.0003214878094479581
Ventimiglia,0.0006351908314439946
Verbania,0.0008053136780469101
Vercelli,0.0012326267722081918
Verdellino,0.00020413147437922828
Verdello,0.00020708066006920543
Vermezzo,0.00010380602243910515
Vernate,8.597806209699112e-05
Vernio,0.00015968113510596928
Verolavecchia,0.0001029292375042471
Verolengo,0.0001317834326332126
Veroli,0.0005502755389650133
Verona,0.006732884653256002
Verres,7.264030339096839e-05
Vezza d'Alba,5.946196012764713e-05
Vezza d'Oglio,3.9083352702309624e-05
Viadana,0.0005217401747214508
Viareggio,0.0016270471466920712
Vibo Valentia,0.0008799201052311966
Vibonati,8.557952349023745e-05
Vicchio,0.00021813346409650712
Vicenza,0.0030193019155253316
Vicoforte,8.318829184971545e-05
Vicopisano,0.00022825634470805028
Vietri sul Mare,0.00021449347815482363
Vigarano Mainarda,0.00019903018021278135
Vigasio,0.00025668543198981186
Vigevano,0.001627153423653872
Vignale Monferrato,2.7658579308704497e-05
Vigonovo,0.00026181329539670906
Vigonza,0.0005905545074875839
Villa Cortese,0.00016454330610836404
Villa San Giovanni,0.0003604117467075663
Villacidro,0.0003781334300878794
Villafranca Tirrena,0.00023109925343622645
Villafranca d'Asti,8.690798551274968e-05
Villagrande Strisaili,8.831615525661263e-05
Villamassargia,9.73231277692455e-05
Villanova Canavese,3.058119575823139e-05
Villanova Mondovi,0.00015447356397772137
Villanova Monteleone,6.235800733672379e-05
Villanova d'Ardenghi,2.0272330463536535e-05
Villanova del Sillaro,4.8170032936293234e-05
Villanova di Camposampiero,0.00015907004257561367
Villanuova sul Clisi,0.00015210890157764961
Villaputzu,0.00012782461580612616
Villaricca,0.0008013814304602739
Villasanta,0.00036431742505375225
Villorba,0.00047370298798740873
Vinci,0.000379833861476695
Vinovo,0.00038320815501387604
Vipiteno,0.00017206240115578321
Visciano,0.00012011953607555526
Viterbo,0.0016926466013637248
Vittoria,0.0016549182799243775
Vittorio Veneto,0.0007598537076365417
Vitulano,7.877779793497487e-05
Vizzolo Predabissi,0.00010635666952232863
Voghera,0.001016911108992657
Volla,0.000619913518185104
Volpedo,3.265359651335046e-05
Volta Mantovana,0.00019477910174074223
Volterra,0.0002815011025703402
Zagarolo,0.0004572034896678069
Zane,0.00017634004886827258
Zanica,0.00022023243409207644
Zelo Buon Persico,0.00018606439087306205
Zelo Surrigone,4.322815421254776e-05
Zimella,0.0001292859240308896
Zinasco,8.635003146329455e-05
Zocca,0.00012955161643539206
Zogno,0.00024090330316236665
Zola Predosa,0.0004886614703608963
Zollino,5.4945189251105574e-05
Zoppola,0.0002269544519259883
Zubiena,3.345067372685779e-05
Zugliano,0.00017673858747502624
